{"All x": [0.7377591133117676, 0.693562388420105, 0.7194671630859375, 0.7433969974517822, 0.7291620969772339, 0.713890016078949, 0.754454493522644, 0.7208303213119507, 0.7063183188438416, 0.6750766634941101], "All y": [0.8435961008071899, 0.8382238149642944, 0.8993884325027466, 0.8413693904876709, 0.8500752449035645, 0.8696225881576538, 0.8678268790245056, 0.867042064666748, 0.9105309844017029, 0.8476244211196899], "Alternating Rows": [0.5419777631759644, 0.5373033881187439, 0.5471217632293701, 0.5342683792114258, 0.5218581557273865, 0.5479675531387329, 0.5429231524467468, 0.5282034277915955, 0.5665839910507202, 0.5538074374198914], "Alternating in Rows": [0.6540732383728027, 0.6637657284736633, 0.6909338235855103, 0.6312576532363892, 0.6395329833030701, 0.6521106362342834, 0.631019115447998, 0.6405258774757385, 0.682560920715332, 0.6910817623138428], "Random": [1.029256820678711, 0.9731224775314331, 1.0016543865203857, 0.9855120182037354, 0.9327808022499084, 0.9732888340950012, 0.9373725056648254, 0.9838111400604248, 1.058247447013855, 0.9402994513511658]} 