{"All x": [0.9591546654701233, 0.9583792090415955], "All y": [0.9079747796058655, 0.9303858876228333], "Alternating Rows": [0.9186018705368042, 0.9722346067428589], "Alternating in Rows": [0.7404555678367615, 0.7222909927368164], "Random": [0.8106147646903992, 0.7866852283477783]}